-- phpMyAdmin SQL Dump
-- version 4.5.4.1deb2ubuntu2
-- http://www.phpmyadmin.net
--
-- Host: localhost
-- Generation Time: 21 Apr 2018 la 14:28
-- Versiune server: 5.7.21-0ubuntu0.16.04.1
-- PHP Version: 7.0.28-0ubuntu0.16.04.1

SET SQL_MODE = "NO_AUTO_VALUE_ON_ZERO";
SET time_zone = "+00:00";


/*!40101 SET @OLD_CHARACTER_SET_CLIENT=@@CHARACTER_SET_CLIENT */;
/*!40101 SET @OLD_CHARACTER_SET_RESULTS=@@CHARACTER_SET_RESULTS */;
/*!40101 SET @OLD_COLLATION_CONNECTION=@@COLLATION_CONNECTION */;
/*!40101 SET NAMES utf8mb4 */;

--
-- Database: `ethbcadmin`
--

-- --------------------------------------------------------

--
-- Structura de tabel pentru tabelul `charactermapping`
--

CREATE TABLE `charactermapping` (
  `main_id` varchar(200) NOT NULL,
  `alt_id` varchar(200) DEFAULT NULL
) ENGINE=InnoDB DEFAULT CHARSET=latin1;

--
-- Salvarea datelor din tabel `charactermapping`
--

INSERT INTO `charactermapping` (`main_id`, `alt_id`) VALUES
('1046318297', '94314680'),
('1046318297', '92619107'),
('1046318297', '92690938'),
('1046318297', '92603840'),
('173895950', NULL),
('91860612', NULL),
('2112338879', NULL),
('94483032', '94641551'),
('94483032', '94991877'),
('94483032', '94641589'),
('94483032', '90146927'),
('787926177', '1198076152'),
('787926177', '90517211'),
('787926177', '95382727'),
('91875543', NULL),
('93768721', '96092802'),
('313276956', '90622733'),
('313276956', '700980567'),
('92717296', NULL),
('2112633826', NULL),
('2112995081', NULL),
('788954374', NULL),
('2112616957', NULL),
('929277030', NULL),
('1138021868', '92275840'),
('96147737', '95911169'),
('96361884', '96461141'),
('96361884', '96720755'),
('96361884', '2112969737'),
('90950663', '92360452'),
('90950663', '96502629'),
('607156730', '2112365153'),
('607156730', '2112606579'),
('90252037', '90430276'),
('94483032', '91263298'),
('894536337', NULL),
('313276956', '95819856'),
('792278999', '687728628'),
('2113260937', NULL),
('1295644702', '96193836'),
('96631404', NULL),
('90252037', '2113733662'),
('90252037', '2113733631'),
('90252037', '2113733673'),
('90252037', '2113733679');

-- --------------------------------------------------------

--
-- Structura de tabel pentru tabelul `characters`
--

CREATE TABLE `characters` (
  `character_id` varchar(200) NOT NULL,
  `name` text NOT NULL,
  `birthday` text NOT NULL,
  `active` tinyint(1) NOT NULL
) ENGINE=InnoDB DEFAULT CHARSET=latin1;

--
-- Salvarea datelor din tabel `characters`
--

INSERT INTO `characters` (`character_id`, `name`, `birthday`, `active`) VALUES
('1008289405', 'Absalom Marathon', '2007-02-07T21:26:00Z', 1),
('1015640422', 'carlais', '2009-09-11T07:24:00Z', 1),
('1046318297', 'Andy Hardie', '2009-04-02T16:19:00Z', 1),
('110532128', 'Luminnor', '2009-09-28T12:17:00Z', 1),
('1138021868', 'GuardianAngelz', '2010-07-17T14:15:00Z', 1),
('1198076152', 'Vlad Mule', '2010-10-17T16:26:00Z', 1),
('1223992845', 'Crumak', '2010-07-31T18:13:00Z', 1),
('1295644702', 'Imperial Sardaukar', '2010-05-31T20:22:00Z', 1),
('1385938508', 'Defiant Shadow', '2007-09-05T03:25:00Z', 1),
('1393847712', 'MichXS', '2009-08-12T23:18:00Z', 1),
('1396404056', 'Xador', '2004-07-27T03:10:00Z', 1),
('148198763', 'Slave Master', '2003-05-13T05:08:00Z', 1),
('1519649571', 'HFlayer', '2010-08-04T21:43:00Z', 1),
('1570128007', 'Punisher64', '2007-04-28T10:31:00Z', 1),
('166937446', 'cats trade', '2007-05-21T12:50:00Z', 1),
('1670882778', 'alpha adrian', '2010-03-02T04:51:00Z', 1),
('173895950', 'Danbar Roth', '2006-03-03T00:35:00Z', 1),
('1743358589', 'Angry Anderson', '2007-11-08T14:04:00Z', 1),
('181576949', 'Laci Lee', '2006-08-30T14:53:00Z', 1),
('1913168433', 'Phoenix Nikalaren', '2010-05-14T07:31:00Z', 1),
('1996387283', 'Jomel Dakos', '2009-05-02T15:30:00Z', 1),
('2112182647', 'Annages Dakos', '2017-01-04T13:35:24Z', 1),
('2112255705', 'LUAN 2', '2017-01-17T02:09:55Z', 1),
('2112266208', 'LUAN 3', '2017-01-19T05:13:05Z', 1),
('2112267078', 'LUAN 4', '2017-01-19T11:27:57Z', 1),
('2112329529', 'luan unsong', '2017-01-30T11:27:24Z', 1),
('2112338879', 'Jacky \'Blackbird\' Crowe', '2017-02-01T10:50:58Z', 1),
('2112365153', 'Rico Axelius', '2017-02-05T20:43:45Z', 1),
('2112408190', 'Masamune Yoritomo', '2017-02-14T20:13:11Z', 1),
('2112417047', 'LUAN PIJUMONEY1', '2017-02-17T04:21:31Z', 1),
('2112434416', 'Muramasa Yoritomo', '2017-02-20T19:29:38Z', 1),
('2112439565', 'Cynoslave Number 146387', '2017-02-21T22:38:35Z', 1),
('2112439672', 'Cynoslave Number 100909', '2017-02-21T23:09:08Z', 1),
('2112439862', 'Cynoslave Number 101930', '2017-02-22T00:08:37Z', 1),
('2112475874', 'LUAN SENGSAN', '2017-03-01T13:35:18Z', 1),
('2112606579', 'John Axelius', '2017-03-30T20:13:30Z', 1),
('2112616957', 'Lord Baltimore1', '2017-04-02T09:36:39Z', 1),
('2112633826', 'Papageno Imperium', '2017-04-06T20:37:37Z', 1),
('2112792428', 'Carlina Viliana', '2017-05-14T08:05:52Z', 1),
('2112969737', 'Alium Brinalle', '2017-07-02T13:03:19Z', 1),
('2112995081', 'Ole Olerie', '2017-07-10T18:28:31Z', 1),
('2113228245', 'Johan Night', '2017-09-20T15:33:13Z', 1),
('2113260937', 'Gael Kobo', '2017-09-28T16:40:14Z', 1),
('2113330966', 'Boss Shu', '2017-10-17T19:17:04Z', 1),
('2113733631', 'Zenith Arbuck', '2018-01-25T07:15:25Z', 1),
('2113733662', 'Zenith Ratna', '2018-01-25T07:29:53Z', 1),
('2113733673', 'Zenith Gopsby', '2018-01-25T07:33:24Z', 1),
('2113733679', 'Zenith Zing', '2018-01-25T07:35:37Z', 1),
('261421576', 'Adera Chase', '2006-09-28T00:24:00Z', 1),
('268888389', 'Biglob', '2009-07-31T18:20:00Z', 1),
('313276956', 'ringbit', '2009-03-04T12:54:00Z', 1),
('480126958', 'Sh4dowfury', '2009-12-24T04:32:00Z', 1),
('607156730', 'Carl Axelius', '2005-07-08T21:30:00Z', 1),
('607484514', 'Keltrian Kroan', '2007-05-09T16:23:00Z', 1),
('687728628', 'Krystal Divine', '2005-12-11T14:40:00Z', 0),
('700980567', 'Cats CoIIective', '2006-03-12T10:19:00Z', 1),
('787926177', 'THEL MONK', '2010-01-05T21:40:00Z', 1),
('788954374', 'Lorna Qorq', '2005-08-08T12:51:00Z', 1),
('792278999', 'John Dean', '2006-06-30T07:24:00Z', 0),
('838412410', 'Delich', '2005-12-19T14:24:00Z', 1),
('894536337', 'Tom Hao', '2006-03-28T14:56:00Z', 1),
('899088583', 'garbage disposal', '2006-03-29T01:08:00Z', 1),
('90035122', 'Genevian', '2010-11-12T22:18:00Z', 1),
('90146927', 'tranquster', '2010-12-12T20:13:00Z', 1),
('90191306', 'Foulmouth Princess', '2010-12-24T03:17:00Z', 1),
('90252037', 'Zenith Harris', '2011-01-07T04:02:00Z', 1),
('90317636', 'Zoma Eto', '2011-01-21T05:09:00Z', 1),
('90430276', 'Zenith Lazair', '2011-02-15T07:17:00Z', 1),
('90477373', 'Tsuei Enderas', '2011-02-27T01:42:00Z', 1),
('90517211', 'Q XXII Ongrard', '2011-03-09T23:57:00Z', 1),
('90622733', 'rupert rahl', '2011-04-09T02:01:00Z', 1),
('90950663', 'Cristi Malukar', '2011-07-01T13:47:00Z', 1),
('91167760', 'Tal Umid', '2011-08-27T09:16:00Z', 1),
('91263298', 'Drecker Profain', '2011-09-30T10:36:00Z', 1),
('91860612', 'Dog trap', '2012-04-05T07:47:50Z', 1),
('91875543', 'Seldem Orez', '2012-04-08T15:04:13Z', 1),
('91906351', 'PVPoison', '2012-04-15T22:53:44Z', 1),
('91970187', 'DJ Ghost Recon', '2012-05-02T02:48:13Z', 1),
('92064472', 'Alby Sacah', '2012-05-26T15:03:32Z', 1),
('92275840', 'Angelinia Fixit', '2012-07-21T05:33:46Z', 1),
('92309933', 'Nozmortus Oramara', '2012-07-31T12:58:53Z', 1),
('92310187', 'Abysh Anzomi', '2012-07-31T14:58:02Z', 1),
('92360452', 'Ashara Solette', '2012-08-16T19:49:14Z', 1),
('92603840', 'Divilz Reject', '2012-11-10T20:35:36Z', 0),
('92619107', 'Xeo Zoid', '2012-11-15T19:30:33Z', 0),
('92655754', 'John Auciel', '2012-11-28T03:25:53Z', 1),
('92668234', 'luan Chelien', '2012-12-02T09:29:29Z', 1),
('92690938', 'General Zoid', '2012-12-06T18:52:27Z', 1),
('92717296', 'Parvo killskeen', '2012-12-11T04:36:31Z', 1),
('92858522', 'Ryden Bradshaw', '2013-01-15T05:43:59Z', 1),
('929277030', 'Jojo Yohan', '2006-01-29T17:01:00Z', 1),
('93027461', 'Lexi Wayne', '2013-02-19T06:59:37Z', 1),
('93134044', 'Jaugenay LaMachine', '2013-03-18T23:12:57Z', 1),
('93227810', 'Metz LaMachine', '2013-04-16T20:54:26Z', 1),
('93284201', 'Bordeaux LaMachine', '2013-05-01T17:49:27Z', 1),
('93768721', 'Sargon Windrifter', '2013-08-24T21:46:07Z', 1),
('93939375', 'Plateado Lime', '2013-10-26T09:08:51Z', 1),
('94293735', 'zorilla3 Amelana', '2014-01-30T20:15:51Z', 1),
('94314680', 'Ammai', '2014-02-01T17:59:43Z', 1),
('94368129', 'Exr Sas', '2014-02-09T13:02:03Z', 1),
('94398286', 'Serafim Red', '2014-02-16T08:29:17Z', 1),
('94483032', 'Zoroz Athonille', '2014-03-16T23:49:04Z', 1),
('94494975', 'Lord Vindi Ronen', '2014-03-22T11:46:32Z', 1),
('94509229', 'Zor El Evingod', '2014-03-28T15:41:58Z', 1),
('94524586', 'CPT invariance', '2014-04-04T11:40:04Z', 1),
('94555074', 'Mintchip lol', '2014-04-18T14:24:38Z', 1),
('94641551', 'Bronston Preldent', '2014-05-16T13:29:33Z', 1),
('94641589', 'Tyan Stenier-Tian', '2014-05-16T13:49:10Z', 1),
('94685485', 'keir Thomasday', '2014-05-29T18:35:06Z', 1),
('94934299', 'Miss Vayne', '2014-09-08T11:49:44Z', 1),
('94991877', 'Chi Ambe-Kai', '2014-10-06T19:57:31Z', 1),
('95166191', 'Alfonz Hemanseh', '2014-12-11T19:33:45Z', 1),
('95382727', 'Ethilfrid', '2015-02-20T19:30:32Z', 1),
('95544506', 'BigYeeze', '2015-04-24T11:20:26Z', 1),
('95546209', 'Kaley Serine', '2015-04-25T04:59:23Z', 1),
('95819856', 'muff licker', '2015-08-20T01:41:44Z', 1),
('95911169', 'atadgrumpy Shikkoken', '2015-10-01T15:34:12Z', 1),
('96062843', 'Watching Han', '2015-12-09T05:13:40Z', 1),
('96092802', 'Morin Windrifter', '2015-12-17T15:43:53Z', 1),
('96115539', 'ShizzleMyDizzle', '2015-12-26T19:06:18Z', 1),
('96147737', 'Grumpy Alkie', '2016-01-08T17:45:25Z', 1),
('96193836', 'Frankie ColdBlood', '2016-01-28T20:35:45Z', 1),
('96285005', 'Miss Contractor', '2016-03-13T11:30:03Z', 1),
('96361884', 'Entropian Brinalle', '2016-04-11T10:15:10Z', 1),
('96392310', 'Mica Sacah', '2016-04-23T09:14:43Z', 1),
('96461141', 'Eudorian Brinalle', '2016-05-08T08:52:32Z', 1),
('96502629', 'Jaktai Malukar', '2016-05-22T05:16:03Z', 0),
('96538853', 'Pigchit Fonulique', '2016-06-08T20:57:31Z', 1),
('96546533', 'Cyno 001Alt', '2016-06-12T17:03:06Z', 1),
('96546541', 'Cyno 002Alt', '2016-06-12T17:06:16Z', 1),
('96546774', 'Cyno 003Alt', '2016-06-12T18:52:29Z', 1),
('96549171', 'Gavin Rook', '2016-06-13T23:19:21Z', 1),
('96588538', 'serialrape maximus', '2016-07-03T10:19:59Z', 1),
('96598937', 'Gavman Knight', '2016-07-08T08:52:14Z', 1),
('96621331', 'Sophia Sacah', '2016-07-21T08:55:47Z', 1),
('96631404', 'Olivia Cadelanne', '2016-07-27T21:07:39Z', 1),
('96720755', 'Ametheran Brinalle', '2016-09-01T13:06:00Z', 1),
('96769146', 'UpYerJacksie', '2016-09-20T18:28:50Z', 1),
('96772087', 'Celty', '2016-09-22T12:24:56Z', 1),
('96811426', 'Grace Sacah', '2016-10-13T08:44:56Z', 1),
('96829846', 'Tony Sacah', '2016-10-20T08:35:20Z', 1),
('96873946', 'Tumblr', '2016-11-07T19:28:36Z', 1),
('97073919', 'Kip Eto', '2016-11-25T12:17:00Z', 1),
('980602832', 'Alex Onassis', '2010-05-22T09:43:00Z', 1);

-- --------------------------------------------------------

--
-- Structura de tabel pentru tabelul `configvar`
--

CREATE TABLE `configvar` (
  `configKey` varchar(250) NOT NULL,
  `configValue` varchar(250) NOT NULL,
  `description` text NOT NULL
) ENGINE=InnoDB DEFAULT CHARSET=latin1;

--
-- Salvarea datelor din tabel `configvar`
--

INSERT INTO `configvar` (`configKey`, `configValue`, `description`) VALUES
('MonthlyRent', '100000000', 'Monthly rent payed per toon'),
('ProcessedMonth', '05', 'Last month processed for rent');

-- --------------------------------------------------------

--
-- Structura de tabel pentru tabelul `corpapplications`
--

CREATE TABLE `corpapplications` (
  `keyID` text NOT NULL,
  `vCode` text NOT NULL,
  `userDescription` text NOT NULL,
  `approved` int(10) NOT NULL
) ENGINE=InnoDB DEFAULT CHARSET=latin1;

--
-- Salvarea datelor din tabel `corpapplications`
--

INSERT INTO `corpapplications` (`keyID`, `vCode`, `userDescription`, `approved`) VALUES
('test', 'test', 'test', 0);

-- --------------------------------------------------------

--
-- Structura de tabel pentru tabelul `transactions`
--

CREATE TABLE `transactions` (
  `transactionID` varchar(200) NOT NULL,
  `character_id` varchar(200) NOT NULL,
  `amount` float NOT NULL,
  `dateAdded` text NOT NULL,
  `WalletUpdated` tinyint(1) DEFAULT NULL
) ENGINE=InnoDB DEFAULT CHARSET=latin1;

--
-- Salvarea datelor din tabel `transactions`
--

INSERT INTO `transactions` (`transactionID`, `character_id`, `amount`, `dateAdded`, `WalletUpdated`) VALUES
('14968217172', '90252037', 100000000, '2017-12-22T18:16:12Z', 1),
('14972092439', '96147737', 200000000, '2017-12-23T16:32:31Z', 1),
('14973077567', '94483032', 200000000, '2017-12-23T20:49:01Z', 1),
('14973091933', '90146927', 150000000, '2017-12-23T20:52:42Z', 1),
('14983108094', '1046318297', 150000000, '2017-12-26T12:20:05Z', 1),
('14986967426', '607156730', 150000000, '2017-12-27T10:38:13Z', 1),
('14987606048', '93768721', 100000000, '2017-12-27T14:42:47Z', 1),
('14988149309', '96361884', 200000000, '2017-12-27T17:25:30Z', 1),
('14989234516', '929277030', 50000000, '2017-12-27T22:21:35Z', 1),
('14989968866', '1409500020', 50000000, '2017-12-28T02:38:14Z', 1),
('14994040111', '792278999', 150000000, '2017-12-29T02:05:48Z', 1),
('15009584671', '2112616957', 100, '2018-01-01T19:19:07Z', 1),
('15009587236', '2112616957', 100000000, '2018-01-01T19:19:47Z', 1),
('15011519613', '91860612', 100000000, '2018-01-02T05:30:22Z', 1),
('15012101792', '313276956', 200000000, '2018-01-02T09:41:11Z', 1),
('15012351792', '90950663', 100000000, '2018-01-02T11:39:26Z', 1),
('15029718127', '91329746', 50000000, '2018-01-06T13:59:18Z', 1),
('15034412344', '2112616957', 100000000, '2018-01-07T13:41:36Z', 1),
('15040281060', '787926177', 800000000, '2018-01-08T19:50:17Z', 1),
('15046582735', '788954374', 100000000, '2018-01-10T11:18:04Z', 1),
('15071460933', '1046318297', 300000000, '2018-01-16T09:28:15Z', 1),
('15071504227', '1409500020', 100000000, '2018-01-16T09:47:35Z', 1),
('15071809726', '2112633826', 100000000, '2018-01-16T12:28:31Z', 1),
('15072565784', '2112995081', 100000000, '2018-01-16T16:53:20Z', 1),
('15073368941', '2112338879', 100000000, '2018-01-16T20:28:02Z', 1),
('15075571829', '1409500020', 200000000, '2018-01-17T12:14:20Z', 1),
('15076156293', '96361884', 400000000, '2018-01-17T15:50:10Z', 1),
('15080405172', '894536337', 100000000, '2018-01-18T18:24:54Z', 1),
('15103411596', '173895950', 100000000, '2018-01-24T11:42:54Z', 1),
('15104890332', '607156730', 300000000, '2018-01-24T20:03:20Z', 1),
('15106396272', '90252037', 200000000, '2018-01-25T05:48:41Z', 1),
('15106773271', '313276956', 400000000, '2018-01-25T09:01:01Z', 1),
('15110982133', '95261098', 100000000, '2018-01-26T13:02:07Z', 1),
('15111661125', '1295644702', 100000000, '2018-01-26T16:50:34Z', 1),
('15111669261', '96147737', 200000000, '2018-01-26T16:53:05Z', 1),
('15112456351', '94483032', 600000000, '2018-01-26T20:37:24Z', 1),
('15114032455', '1138021868', 200000000, '2018-01-27T06:18:21Z', 1),
('15117199432', '93768721', 200000000, '2018-01-27T21:52:42Z', 1),
('15123387265', '2113392365', 100000000, '2018-01-29T07:19:35Z', 1),
('15123964443', '94559777', 50000000, '2018-01-29T12:19:15Z', 0),
('15132323721', '94559777', 50000000, '2018-01-31T16:38:21Z', 0),
('15133361096', '929277030', 100000000, '2018-01-31T21:32:29Z', 1),
('15133684213', '91860612', 100000000, '2018-01-31T23:18:36Z', 1),
('15134184050', '96631404', 100000000, '2018-02-01T02:46:37Z', 1),
('15136437775', '2113260937', 100000000, '2018-02-01T18:38:39Z', 1),
('15136651404', '90950663', 200000000, '2018-02-01T19:37:53Z', 1),
('15153393576', '1685009607', 100000000, '2018-02-05T20:12:37Z', 0),
('15193589266', '90252037', 600000000, '2018-02-16T07:20:24Z', 1),
('15203113032', '2112616957', 100000000, '2018-02-18T14:17:56Z', 1),
('15211663156', '787926177', 400000000, '2018-02-20T17:48:51Z', 1),
('15211843631', '894536337', 100000000, '2018-02-20T18:41:46Z', 1),
('15230021550', '788954374', 100000000, '2018-02-25T11:33:57Z', 1),
('15234004659', '1670882778', 100000000, '2018-02-26T09:31:10Z', 0),
('15234503880', '1046318297', 300000000, '2018-02-26T13:34:16Z', 1),
('15234508708', '2112633826', 100000000, '2018-02-26T13:36:10Z', 1),
('15235397018', '1295644702', 100000000, '2018-02-26T18:37:54Z', 1),
('15235502092', '94483032', 600000000, '2018-02-26T19:08:27Z', 1),
('15236032595', '607156730', 300000000, '2018-02-26T21:39:10Z', 1),
('15237223821', '91860612', 100000000, '2018-02-27T05:50:44Z', 1),
('15237612115', '1138021868', 200000000, '2018-02-27T08:59:10Z', 1),
('15237942577', '2112338879', 100000000, '2018-02-27T11:54:46Z', 1),
('15238416829', '96361884', 400000000, '2018-02-27T15:03:23Z', 1),
('15239266922', '90950663', 100000000, '2018-02-27T19:20:11Z', 1),
('15239267819', '90950663', 100000000, '2018-02-27T19:20:29Z', 1),
('15242780506', '96147737', 200000000, '2018-02-28T18:20:11Z', 1),
('15245183772', '96631404', 100000000, '2018-03-01T10:36:57Z', 1),
('15245293418', '92064472', 300000000, '2018-03-01T11:46:07Z', 0),
('15248122725', '2113260937', 100000000, '2018-03-02T04:24:06Z', 1),
('15248239529', '929277030', 100000000, '2018-03-02T05:20:41Z', 1),
('15266026298', '93768721', 200000000, '2018-03-06T19:40:50Z', 1),
('15293208918', '480126958', 100000000, '2018-03-13T22:00:42Z', 0),
('15295421263', '2113330966', 100000000, '2018-03-14T15:40:09Z', 0),
('15295422108', '2113228245', 100000000, '2018-03-14T15:40:31Z', 0),
('15296159228', '90430276', 600000000, '2018-03-14T19:32:21Z', 0),
('15299697708', '480126958', 50000000, '2018-03-15T20:41:34Z', 0),
('15302420157', '2113228245', 150000000, '2018-03-16T17:25:51Z', 0),
('15302423624', '2113330966', 150000000, '2018-03-16T17:26:30Z', 0),
('15304340195', '90430276', 300000000, '2018-03-17T05:18:51Z', 0),
('15327083460', '787926177', 600000000, '2018-03-23T18:50:30Z', 1),
('15327209884', '2112616957', 150000000, '2018-03-23T19:29:27Z', 1),
('15332577000', '96062843', 150000000, '2018-03-25T01:47:10Z', 0),
('15333796222', '1670882778', 150000000, '2018-03-25T10:10:19Z', 0),
('15333960573', '2112633826', 150000000, '2018-03-25T11:21:18Z', 1),
('15333970694', '92064472', 450000000, '2018-03-25T11:27:28Z', 0),
('15334220306', '607156730', 450000000, '2018-03-25T12:51:13Z', 1),
('15334373147', '894536337', 150000000, '2018-03-25T13:33:55Z', 1),
('15339115393', '94483032', 900000000, '2018-03-26T17:43:23Z', 1),
('15339533672', '96361884', 600000000, '2018-03-26T19:38:43Z', 1),
('15340053346', '1393847712', 150000000, '2018-03-26T22:12:02Z', 0),
('15340066794', '268888389', 150000000, '2018-03-26T22:16:50Z', 0),
('15344738931', '788954374', 150000000, '2018-03-28T07:40:23Z', 1),
('15351939322', '96062843', 150000000, '2018-03-30T08:15:19Z', 0),
('15351940674', '95546209', 150000000, '2018-03-30T08:15:59Z', 0),
('15356071227', '1046318297', 450000000, '2018-03-31T09:29:59Z', 1),
('15356103565', '92064472', 1500000000, '2018-03-31T09:42:19Z', 0),
('15356855858', '1295644702', 150000000, '2018-03-31T14:13:25Z', 1),
('15359528330', '91860612', 150000000, '2018-04-01T04:52:49Z', 1),
('15364817231', '1138021868', 300000000, '2018-04-02T12:27:18Z', 1),
('15367269812', '929277030', 150000000, '2018-04-03T01:11:36Z', 1),
('15370227394', '2113228245', 150000000, '2018-04-03T21:00:55Z', 0),
('15370230301', '2113330966', 150000000, '2018-04-03T21:01:44Z', 0),
('15381472540', '90317636', 300000000, '2018-04-07T01:54:13Z', 0),
('15384154546', '2112616957', 150000000, '2018-04-07T17:53:55Z', 1),
('15395667905', '96147737', 300000000, '2018-04-10T18:05:24Z', 1),
('15412580752', '94398286', 150000000, '2018-04-15T08:53:51Z', 0),
('15423160197', '480126958', 150000000, '2018-04-18T00:50:13Z', 0);

-- --------------------------------------------------------

--
-- Structura de tabel pentru tabelul `wallet`
--

CREATE TABLE `wallet` (
  `character_id` varchar(200) NOT NULL,
  `funds` float NOT NULL
) ENGINE=InnoDB DEFAULT CHARSET=latin1;

--
-- Salvarea datelor din tabel `wallet`
--

INSERT INTO `wallet` (`character_id`, `funds`) VALUES
('1046318297', 150000000),
('173895950', -200000000),
('2112338879', -100000000),
('91860612', 50000000),
('1138021868', 100000000),
('2112616957', 200000000),
('2112633826', 50000000),
('2112995081', -200000000),
('313276956', -800000000),
('607156730', 150000000),
('787926177', 200000000),
('788954374', 50000000),
('90950663', -200000000),
('91875543', -300000000),
('92717296', -300000000),
('929277030', 50000000),
('93768721', -200000000),
('94483032', 300000000),
('96147737', 100000000),
('96361884', 200000000),
('894536337', 50000000),
('90252037', -600000000),
('2113260937', -100000000),
('1295644702', -250000000),
('96631404', 0);

-- --------------------------------------------------------

--
-- Stand-in structure for view `WalletNames`
--
CREATE TABLE `WalletNames` (
`character_id` varchar(200)
,`name` text
,`funds` float
);

-- --------------------------------------------------------

--
-- Structură pentru vizualizare `WalletNames`
--
DROP TABLE IF EXISTS `WalletNames`;

CREATE ALGORITHM=UNDEFINED DEFINER=`root`@`localhost` SQL SECURITY DEFINER VIEW `WalletNames`  AS  select `c`.`character_id` AS `character_id`,`c`.`name` AS `name`,`w`.`funds` AS `funds` from (`wallet` `w` join `characters` `c` on((`c`.`character_id` = `w`.`character_id`))) order by `c`.`name` ;

--
-- Indexes for dumped tables
--

--
-- Indexes for table `charactermapping`
--
ALTER TABLE `charactermapping`
  ADD KEY `characterMapping_fk0` (`main_id`),
  ADD KEY `characterMapping_fk1` (`alt_id`);

--
-- Indexes for table `characters`
--
ALTER TABLE `characters`
  ADD PRIMARY KEY (`character_id`);

--
-- Indexes for table `configvar`
--
ALTER TABLE `configvar`
  ADD PRIMARY KEY (`configKey`);

--
-- Indexes for table `transactions`
--
ALTER TABLE `transactions`
  ADD PRIMARY KEY (`transactionID`);

--
-- Indexes for table `wallet`
--
ALTER TABLE `wallet`
  ADD KEY `wallet_fk0` (`character_id`);

--
-- Restrictii pentru tabele sterse
--

--
-- Restrictii pentru tabele `charactermapping`
--
ALTER TABLE `charactermapping`
  ADD CONSTRAINT `characterMapping_fk0` FOREIGN KEY (`main_id`) REFERENCES `characters` (`character_id`);

--
-- Restrictii pentru tabele `wallet`
--
ALTER TABLE `wallet`
  ADD CONSTRAINT `wallet_fk0` FOREIGN KEY (`character_id`) REFERENCES `characters` (`character_id`);

/*!40101 SET CHARACTER_SET_CLIENT=@OLD_CHARACTER_SET_CLIENT */;
/*!40101 SET CHARACTER_SET_RESULTS=@OLD_CHARACTER_SET_RESULTS */;
/*!40101 SET COLLATION_CONNECTION=@OLD_COLLATION_CONNECTION */;
